label,avg_text_length
1,1173.6109656465067
0,327.8584347230741
