label,avg_text_length
1,604.7097369377428
0,412.6599402092676
