label,avg_text_length
0,335.10151151671727
1,711.3417564116799
