label,avg_text_length
0,315.1546078223354
1,617.248084983379
